table_schema,table_name,ordinal_position,column_name,data_type,udt_name,is_nullable,column_default,character_maximum_length,numeric_precision,numeric_scale
auth,audit_log_entries,1,instance_id,uuid,uuid,YES,null,null,null,null
auth,audit_log_entries,2,id,uuid,uuid,NO,null,null,null,null
auth,audit_log_entries,3,payload,json,json,YES,null,null,null,null
auth,audit_log_entries,4,created_at,timestamp with time zone,timestamptz,YES,null,null,null,null
auth,audit_log_entries,5,ip_address,character varying,varchar,NO,''::character varying,64,null,null
auth,flow_state,1,id,uuid,uuid,NO,null,null,null,null
auth,flow_state,2,user_id,uuid,uuid,YES,null,null,null,null
auth,flow_state,3,auth_code,text,text,YES,null,null,null,null
auth,flow_state,4,code_challenge_method,USER-DEFINED,code_challenge_method,YES,null,null,null,null
auth,flow_state,5,code_challenge,text,text,YES,null,null,null,null
auth,flow_state,6,provider_type,text,text,NO,null,null,null,null
auth,flow_state,7,provider_access_token,text,text,YES,null,null,null,null
auth,flow_state,8,provider_refresh_token,text,text,YES,null,null,null,null
auth,flow_state,9,created_at,timestamp with time zone,timestamptz,YES,null,null,null,null
auth,flow_state,10,updated_at,timestamp with time zone,timestamptz,YES,null,null,null,null
auth,flow_state,11,authentication_method,text,text,NO,null,null,null,null
auth,flow_state,12,auth_code_issued_at,timestamp with time zone,timestamptz,YES,null,null,null,null
auth,flow_state,13,invite_token,text,text,YES,null,null,null,null
auth,flow_state,14,referrer,text,text,YES,null,null,null,null
auth,flow_state,15,oauth_client_state_id,uuid,uuid,YES,null,null,null,null
auth,flow_state,16,linking_target_id,uuid,uuid,YES,null,null,null,null
auth,flow_state,17,email_optional,boolean,bool,NO,false,null,null,null
auth,identities,1,provider_id,text,text,NO,null,null,null,null
auth,identities,2,user_id,uuid,uuid,NO,null,null,null,null
auth,identities,3,identity_data,jsonb,jsonb,NO,null,null,null,null
auth,identities,4,provider,text,text,NO,null,null,null,null
auth,identities,5,last_sign_in_at,timestamp with time zone,timestamptz,YES,null,null,null,null
auth,identities,6,created_at,timestamp with time zone,timestamptz,YES,null,null,null,null
auth,identities,7,updated_at,timestamp with time zone,timestamptz,YES,null,null,null,null
auth,identities,8,email,text,text,YES,null,null,null,null
auth,identities,9,id,uuid,uuid,NO,gen_random_uuid(),null,null,null
auth,instances,1,id,uuid,uuid,NO,null,null,null,null
auth,instances,2,uuid,uuid,uuid,YES,null,null,null,null
auth,instances,3,raw_base_config,text,text,YES,null,null,null,null
auth,instances,4,created_at,timestamp with time zone,timestamptz,YES,null,null,null,null
auth,instances,5,updated_at,timestamp with time zone,timestamptz,YES,null,null,null,null
auth,mfa_amr_claims,1,session_id,uuid,uuid,NO,null,null,null,null
auth,mfa_amr_claims,2,created_at,timestamp with time zone,timestamptz,NO,null,null,null,null
auth,mfa_amr_claims,3,updated_at,timestamp with time zone,timestamptz,NO,null,null,null,null
auth,mfa_amr_claims,4,authentication_method,text,text,NO,null,null,null,null
auth,mfa_amr_claims,5,id,uuid,uuid,NO,null,null,null,null
auth,mfa_challenges,1,id,uuid,uuid,NO,null,null,null,null
auth,mfa_challenges,2,factor_id,uuid,uuid,NO,null,null,null,null
auth,mfa_challenges,3,created_at,timestamp with time zone,timestamptz,NO,null,null,null,null
auth,mfa_challenges,4,verified_at,timestamp with time zone,timestamptz,YES,null,null,null,null
auth,mfa_challenges,5,ip_address,inet,inet,NO,null,null,null,null
auth,mfa_challenges,6,otp_code,text,text,YES,null,null,null,null
auth,mfa_challenges,7,web_authn_session_data,jsonb,jsonb,YES,null,null,null,null
auth,mfa_factors,1,id,uuid,uuid,NO,null,null,null,null
auth,mfa_factors,2,user_id,uuid,uuid,NO,null,null,null,null
auth,mfa_factors,3,friendly_name,text,text,YES,null,null,null,null
auth,mfa_factors,4,factor_type,USER-DEFINED,factor_type,NO,null,null,null,null
auth,mfa_factors,5,status,USER-DEFINED,factor_status,NO,null,null,null,null
auth,mfa_factors,6,created_at,timestamp with time zone,timestamptz,NO,null,null,null,null
auth,mfa_factors,7,updated_at,timestamp with time zone,timestamptz,NO,null,null,null,null
auth,mfa_factors,8,secret,text,text,YES,null,null,null,null
auth,mfa_factors,9,phone,text,text,YES,null,null,null,null
auth,mfa_factors,10,last_challenged_at,timestamp with time zone,timestamptz,YES,null,null,null,null
auth,mfa_factors,11,web_authn_credential,jsonb,jsonb,YES,null,null,null,null
auth,mfa_factors,12,web_authn_aaguid,uuid,uuid,YES,null,null,null,null
auth,mfa_factors,13,last_webauthn_challenge_data,jsonb,jsonb,YES,null,null,null,null
auth,oauth_authorizations,1,id,uuid,uuid,NO,null,null,null,null
auth,oauth_authorizations,2,authorization_id,text,text,NO,null,null,null,null
auth,oauth_authorizations,3,client_id,uuid,uuid,NO,null,null,null,null
auth,oauth_authorizations,4,user_id,uuid,uuid,YES,null,null,null,null
auth,oauth_authorizations,5,redirect_uri,text,text,NO,null,null,null,null
auth,oauth_authorizations,6,scope,text,text,NO,null,null,null,null
auth,oauth_authorizations,7,state,text,text,YES,null,null,null,null
auth,oauth_authorizations,8,resource,text,text,YES,null,null,null,null
auth,oauth_authorizations,9,code_challenge,text,text,YES,null,null,null,null
auth,oauth_authorizations,10,code_challenge_method,USER-DEFINED,code_challenge_method,YES,null,null,null,null
auth,oauth_authorizations,11,response_type,USER-DEFINED,oauth_response_type,NO,'code'::auth.oauth_response_type,null,null,null
auth,oauth_authorizations,12,status,USER-DEFINED,oauth_authorization_status,NO,'pending'::auth.oauth_authorization_status,null,null,null
auth,oauth_authorizations,13,authorization_code,text,text,YES,null,null,null,null
auth,oauth_authorizations,14,created_at,timestamp with time zone,timestamptz,NO,now(),null,null,null
auth,oauth_authorizations,15,expires_at,timestamp with time zone,timestamptz,NO,(now() + '00:03:00'::interval),null,null,null
auth,oauth_authorizations,16,approved_at,timestamp with time zone,timestamptz,YES,null,null,null,null
auth,oauth_authorizations,17,nonce,text,text,YES,null,null,null,null
auth,oauth_client_states,1,id,uuid,uuid,NO,null,null,null,null
auth,oauth_client_states,2,provider_type,text,text,NO,null,null,null,null
auth,oauth_client_states,3,code_verifier,text,text,YES,null,null,null,null
auth,oauth_client_states,4,created_at,timestamp with time zone,timestamptz,NO,null,null,null,null
auth,oauth_clients,1,id,uuid,uuid,NO,null,null,null,null
auth,oauth_clients,3,client_secret_hash,text,text,YES,null,null,null,null
auth,oauth_clients,4,registration_type,USER-DEFINED,oauth_registration_type,NO,null,null,null,null
auth,oauth_clients,5,redirect_uris,text,text,NO,null,null,null,null
auth,oauth_clients,6,grant_types,text,text,NO,null,null,null,null
auth,oauth_clients,7,client_name,text,text,YES,null,null,null,null
auth,oauth_clients,8,client_uri,text,text,YES,null,null,null,null
auth,oauth_clients,9,logo_uri,text,text,YES,null,null,null,null
auth,oauth_clients,10,created_at,timestamp with time zone,timestamptz,NO,now(),null,null,null
auth,oauth_clients,11,updated_at,timestamp with time zone,timestamptz,NO,now(),null,null,null
auth,oauth_clients,12,deleted_at,timestamp with time zone,timestamptz,YES,null,null,null,null
auth,oauth_clients,13,client_type,USER-DEFINED,oauth_client_type,NO,'confidential'::auth.oauth_client_type,null,null,null
auth,oauth_clients,14,token_endpoint_auth_method,text,text,NO,null,null,null,null
auth,oauth_consents,1,id,uuid,uuid,NO,null,null,null,null
auth,oauth_consents,2,user_id,uuid,uuid,NO,null,null,null,null
auth,oauth_consents,3,client_id,uuid,uuid,NO,null,null,null,null
auth,oauth_consents,4,scopes,text,text,NO,null,null,null,null
auth,oauth_consents,5,granted_at,timestamp with time zone,timestamptz,NO,now(),null,null,null
auth,oauth_consents,6,revoked_at,timestamp with time zone,timestamptz,YES,null,null,null,null
auth,one_time_tokens,1,id,uuid,uuid,NO,null,null,null,null
auth,one_time_tokens,2,user_id,uuid,uuid,NO,null,null,null,null
auth,one_time_tokens,3,token_type,USER-DEFINED,one_time_token_type,NO,null,null,null,null
auth,one_time_tokens,4,token_hash,text,text,NO,null,null,null,null
auth,one_time_tokens,5,relates_to,text,text,NO,null,null,null,null
auth,one_time_tokens,6,created_at,timestamp without time zone,timestamp,NO,now(),null,null,null
auth,one_time_tokens,7,updated_at,timestamp without time zone,timestamp,NO,now(),null,null,null
auth,refresh_tokens,1,instance_id,uuid,uuid,YES,null,null,null,null
auth,refresh_tokens,2,id,bigint,int8,NO,nextval('auth.refresh_tokens_id_seq'::regclass),null,64,0
auth,refresh_tokens,3,token,character varying,varchar,YES,null,255,null,null
auth,refresh_tokens,4,user_id,character varying,varchar,YES,null,255,null,null
auth,refresh_tokens,5,revoked,boolean,bool,YES,null,null,null,null
auth,refresh_tokens,6,created_at,timestamp with time zone,timestamptz,YES,null,null,null,null
auth,refresh_tokens,7,updated_at,timestamp with time zone,timestamptz,YES,null,null,null,null
auth,refresh_tokens,8,parent,character varying,varchar,YES,null,255,null,null
auth,refresh_tokens,9,session_id,uuid,uuid,YES,null,null,null,null
auth,saml_providers,1,id,uuid,uuid,NO,null,null,null,null
auth,saml_providers,2,sso_provider_id,uuid,uuid,NO,null,null,null,null
auth,saml_providers,3,entity_id,text,text,NO,null,null,null,null
auth,saml_providers,4,metadata_xml,text,text,NO,null,null,null,null
auth,saml_providers,5,metadata_url,text,text,YES,null,null,null,null
auth,saml_providers,6,attribute_mapping,jsonb,jsonb,YES,null,null,null,null
auth,saml_providers,7,created_at,timestamp with time zone,timestamptz,YES,null,null,null,null
auth,saml_providers,8,updated_at,timestamp with time zone,timestamptz,YES,null,null,null,null
auth,saml_providers,9,name_id_format,text,text,YES,null,null,null,null
auth,saml_relay_states,1,id,uuid,uuid,NO,null,null,null,null
auth,saml_relay_states,2,sso_provider_id,uuid,uuid,NO,null,null,null,null
auth,saml_relay_states,3,request_id,text,text,NO,null,null,null,null
auth,saml_relay_states,4,for_email,text,text,YES,null,null,null,null
auth,saml_relay_states,5,redirect_to,text,text,YES,null,null,null,null
auth,saml_relay_states,7,created_at,timestamp with time zone,timestamptz,YES,null,null,null,null
auth,saml_relay_states,8,updated_at,timestamp with time zone,timestamptz,YES,null,null,null,null
auth,saml_relay_states,9,flow_state_id,uuid,uuid,YES,null,null,null,null
auth,schema_migrations,1,version,character varying,varchar,NO,null,255,null,null
auth,sessions,1,id,uuid,uuid,NO,null,null,null,null
auth,sessions,2,user_id,uuid,uuid,NO,null,null,null,null
auth,sessions,3,created_at,timestamp with time zone,timestamptz,YES,null,null,null,null
auth,sessions,4,updated_at,timestamp with time zone,timestamptz,YES,null,null,null,null
auth,sessions,5,factor_id,uuid,uuid,YES,null,null,null,null
auth,sessions,6,aal,USER-DEFINED,aal_level,YES,null,null,null,null
auth,sessions,7,not_after,timestamp with time zone,timestamptz,YES,null,null,null,null
auth,sessions,8,refreshed_at,timestamp without time zone,timestamp,YES,null,null,null,null
auth,sessions,9,user_agent,text,text,YES,null,null,null,null
auth,sessions,10,ip,inet,inet,YES,null,null,null,null
auth,sessions,11,tag,text,text,YES,null,null,null,null
auth,sessions,12,oauth_client_id,uuid,uuid,YES,null,null,null,null
auth,sessions,13,refresh_token_hmac_key,text,text,YES,null,null,null,null
auth,sessions,14,refresh_token_counter,bigint,int8,YES,null,null,64,0
auth,sessions,15,scopes,text,text,YES,null,null,null,null
auth,sso_domains,1,id,uuid,uuid,NO,null,null,null,null
auth,sso_domains,2,sso_provider_id,uuid,uuid,NO,null,null,null,null
auth,sso_domains,3,domain,text,text,NO,null,null,null,null
auth,sso_domains,4,created_at,timestamp with time zone,timestamptz,YES,null,null,null,null
auth,sso_domains,5,updated_at,timestamp with time zone,timestamptz,YES,null,null,null,null
auth,sso_providers,1,id,uuid,uuid,NO,null,null,null,null
auth,sso_providers,2,resource_id,text,text,YES,null,null,null,null
auth,sso_providers,3,created_at,timestamp with time zone,timestamptz,YES,null,null,null,null
auth,sso_providers,4,updated_at,timestamp with time zone,timestamptz,YES,null,null,null,null
auth,sso_providers,5,disabled,boolean,bool,YES,null,null,null,null
auth,users,1,instance_id,uuid,uuid,YES,null,null,null,null
auth,users,2,id,uuid,uuid,NO,null,null,null,null
auth,users,3,aud,character varying,varchar,YES,null,255,null,null
auth,users,4,role,character varying,varchar,YES,null,255,null,null
auth,users,5,email,character varying,varchar,YES,null,255,null,null
auth,users,6,encrypted_password,character varying,varchar,YES,null,255,null,null
auth,users,7,email_confirmed_at,timestamp with time zone,timestamptz,YES,null,null,null,null
auth,users,8,invited_at,timestamp with time zone,timestamptz,YES,null,null,null,null
auth,users,9,confirmation_token,character varying,varchar,YES,null,255,null,null
auth,users,10,confirmation_sent_at,timestamp with time zone,timestamptz,YES,null,null,null,null
auth,users,11,recovery_token,character varying,varchar,YES,null,255,null,null
auth,users,12,recovery_sent_at,timestamp with time zone,timestamptz,YES,null,null,null,null
auth,users,13,email_change_token_new,character varying,varchar,YES,null,255,null,null
auth,users,14,email_change,character varying,varchar,YES,null,255,null,null
auth,users,15,email_change_sent_at,timestamp with time zone,timestamptz,YES,null,null,null,null
auth,users,16,last_sign_in_at,timestamp with time zone,timestamptz,YES,null,null,null,null
auth,users,17,raw_app_meta_data,jsonb,jsonb,YES,null,null,null,null
auth,users,18,raw_user_meta_data,jsonb,jsonb,YES,null,null,null,null
auth,users,19,is_super_admin,boolean,bool,YES,null,null,null,null
auth,users,20,created_at,timestamp with time zone,timestamptz,YES,null,null,null,null
auth,users,21,updated_at,timestamp with time zone,timestamptz,YES,null,null,null,null
auth,users,22,phone,text,text,YES,NULL::character varying,null,null,null
auth,users,23,phone_confirmed_at,timestamp with time zone,timestamptz,YES,null,null,null,null
auth,users,24,phone_change,text,text,YES,''::character varying,null,null,null
auth,users,25,phone_change_token,character varying,varchar,YES,''::character varying,255,null,null
auth,users,26,phone_change_sent_at,timestamp with time zone,timestamptz,YES,null,null,null,null
auth,users,27,confirmed_at,timestamp with time zone,timestamptz,YES,null,null,null,null
auth,users,28,email_change_token_current,character varying,varchar,YES,''::character varying,255,null,null
auth,users,29,email_change_confirm_status,smallint,int2,YES,0,null,16,0
auth,users,30,banned_until,timestamp with time zone,timestamptz,YES,null,null,null,null
auth,users,31,reauthentication_token,character varying,varchar,YES,''::character varying,255,null,null
auth,users,32,reauthentication_sent_at,timestamp with time zone,timestamptz,YES,null,null,null,null
auth,users,33,is_sso_user,boolean,bool,NO,false,null,null,null
auth,users,34,deleted_at,timestamp with time zone,timestamptz,YES,null,null,null,null
auth,users,35,is_anonymous,boolean,bool,NO,false,null,null,null
cron,job,1,jobid,bigint,int8,NO,nextval('cron.jobid_seq'::regclass),null,64,0
cron,job,2,schedule,text,text,NO,null,null,null,null
cron,job,3,command,text,text,NO,null,null,null,null
cron,job,4,nodename,text,text,NO,'localhost'::text,null,null,null
cron,job,5,nodeport,integer,int4,NO,inet_server_port(),null,32,0
cron,job,6,database,text,text,NO,current_database(),null,null,null
cron,job,7,username,text,text,NO,CURRENT_USER,null,null,null
cron,job,8,active,boolean,bool,NO,true,null,null,null
cron,job,9,jobname,text,text,YES,null,null,null,null
cron,job_run_details,1,jobid,bigint,int8,YES,null,null,64,0
cron,job_run_details,2,runid,bigint,int8,NO,nextval('cron.runid_seq'::regclass),null,64,0
cron,job_run_details,3,job_pid,integer,int4,YES,null,null,32,0
cron,job_run_details,4,database,text,text,YES,null,null,null,null
cron,job_run_details,5,username,text,text,YES,null,null,null,null
cron,job_run_details,6,command,text,text,YES,null,null,null,null
cron,job_run_details,7,status,text,text,YES,null,null,null,null
cron,job_run_details,8,return_message,text,text,YES,null,null,null,null
cron,job_run_details,9,start_time,timestamp with time zone,timestamptz,YES,null,null,null,null
cron,job_run_details,10,end_time,timestamp with time zone,timestamptz,YES,null,null,null,null
extensions,pg_stat_statements,1,userid,oid,oid,YES,null,null,null,null
extensions,pg_stat_statements,2,dbid,oid,oid,YES,null,null,null,null
extensions,pg_stat_statements,3,toplevel,boolean,bool,YES,null,null,null,null
extensions,pg_stat_statements,4,queryid,bigint,int8,YES,null,null,64,0
extensions,pg_stat_statements,5,query,text,text,YES,null,null,null,null
extensions,pg_stat_statements,6,plans,bigint,int8,YES,null,null,64,0
extensions,pg_stat_statements,7,total_plan_time,double precision,float8,YES,null,null,53,null
extensions,pg_stat_statements,8,min_plan_time,double precision,float8,YES,null,null,53,null
extensions,pg_stat_statements,9,max_plan_time,double precision,float8,YES,null,null,53,null
extensions,pg_stat_statements,10,mean_plan_time,double precision,float8,YES,null,null,53,null
extensions,pg_stat_statements,11,stddev_plan_time,double precision,float8,YES,null,null,53,null
extensions,pg_stat_statements,12,calls,bigint,int8,YES,null,null,64,0
extensions,pg_stat_statements,13,total_exec_time,double precision,float8,YES,null,null,53,null
extensions,pg_stat_statements,14,min_exec_time,double precision,float8,YES,null,null,53,null
extensions,pg_stat_statements,15,max_exec_time,double precision,float8,YES,null,null,53,null
extensions,pg_stat_statements,16,mean_exec_time,double precision,float8,YES,null,null,53,null
extensions,pg_stat_statements,17,stddev_exec_time,double precision,float8,YES,null,null,53,null
extensions,pg_stat_statements,18,rows,bigint,int8,YES,null,null,64,0
extensions,pg_stat_statements,19,shared_blks_hit,bigint,int8,YES,null,null,64,0
extensions,pg_stat_statements,20,shared_blks_read,bigint,int8,YES,null,null,64,0
extensions,pg_stat_statements,21,shared_blks_dirtied,bigint,int8,YES,null,null,64,0
extensions,pg_stat_statements,22,shared_blks_written,bigint,int8,YES,null,null,64,0
extensions,pg_stat_statements,23,local_blks_hit,bigint,int8,YES,null,null,64,0
extensions,pg_stat_statements,24,local_blks_read,bigint,int8,YES,null,null,64,0
extensions,pg_stat_statements,25,local_blks_dirtied,bigint,int8,YES,null,null,64,0
extensions,pg_stat_statements,26,local_blks_written,bigint,int8,YES,null,null,64,0
extensions,pg_stat_statements,27,temp_blks_read,bigint,int8,YES,null,null,64,0
extensions,pg_stat_statements,28,temp_blks_written,bigint,int8,YES,null,null,64,0
extensions,pg_stat_statements,29,shared_blk_read_time,double precision,float8,YES,null,null,53,null
extensions,pg_stat_statements,30,shared_blk_write_time,double precision,float8,YES,null,null,53,null
extensions,pg_stat_statements,31,local_blk_read_time,double precision,float8,YES,null,null,53,null
extensions,pg_stat_statements,32,local_blk_write_time,double precision,float8,YES,null,null,53,null
extensions,pg_stat_statements,33,temp_blk_read_time,double precision,float8,YES,null,null,53,null
extensions,pg_stat_statements,34,temp_blk_write_time,double precision,float8,YES,null,null,53,null
extensions,pg_stat_statements,35,wal_records,bigint,int8,YES,null,null,64,0
extensions,pg_stat_statements,36,wal_fpi,bigint,int8,YES,null,null,64,0
extensions,pg_stat_statements,37,wal_bytes,numeric,numeric,YES,null,null,null,null
extensions,pg_stat_statements,38,jit_functions,bigint,int8,YES,null,null,64,0
extensions,pg_stat_statements,39,jit_generation_time,double precision,float8,YES,null,null,53,null
extensions,pg_stat_statements,40,jit_inlining_count,bigint,int8,YES,null,null,64,0
extensions,pg_stat_statements,41,jit_inlining_time,double precision,float8,YES,null,null,53,null
extensions,pg_stat_statements,42,jit_optimization_count,bigint,int8,YES,null,null,64,0
extensions,pg_stat_statements,43,jit_optimization_time,double precision,float8,YES,null,null,53,null
extensions,pg_stat_statements,44,jit_emission_count,bigint,int8,YES,null,null,64,0
extensions,pg_stat_statements,45,jit_emission_time,double precision,float8,YES,null,null,53,null
extensions,pg_stat_statements,46,jit_deform_count,bigint,int8,YES,null,null,64,0
extensions,pg_stat_statements,47,jit_deform_time,double precision,float8,YES,null,null,53,null
extensions,pg_stat_statements,48,stats_since,timestamp with time zone,timestamptz,YES,null,null,null,null
extensions,pg_stat_statements,49,minmax_stats_since,timestamp with time zone,timestamptz,YES,null,null,null,null
extensions,pg_stat_statements_info,1,dealloc,bigint,int8,YES,null,null,64,0
extensions,pg_stat_statements_info,2,stats_reset,timestamp with time zone,timestamptz,YES,null,null,null,null
net,_http_response,1,id,bigint,int8,YES,null,null,64,0
net,_http_response,2,status_code,integer,int4,YES,null,null,32,0
net,_http_response,3,content_type,text,text,YES,null,null,null,null
net,_http_response,4,headers,jsonb,jsonb,YES,null,null,null,null
net,_http_response,5,content,text,text,YES,null,null,null,null
net,_http_response,6,timed_out,boolean,bool,YES,null,null,null,null
net,_http_response,7,error_msg,text,text,YES,null,null,null,null
net,_http_response,8,created,timestamp with time zone,timestamptz,NO,now(),null,null,null
net,http_request_queue,1,id,bigint,int8,NO,nextval('net.http_request_queue_id_seq'::regclass),null,64,0
net,http_request_queue,2,method,text,text,NO,null,null,null,null
net,http_request_queue,3,url,text,text,NO,null,null,null,null
net,http_request_queue,4,headers,jsonb,jsonb,YES,null,null,null,null
net,http_request_queue,5,body,bytea,bytea,YES,null,null,null,null
net,http_request_queue,6,timeout_milliseconds,integer,int4,NO,null,null,32,0
public,admins,1,user_id,uuid,uuid,NO,null,null,null,null
public,admins,2,created_at,timestamp with time zone,timestamptz,NO,now(),null,null,null
public,admins,3,created_by,uuid,uuid,YES,null,null,null,null
public,author_medal_totals,1,author_id,uuid,uuid,YES,null,null,null,null
public,author_medal_totals,2,bronze,integer,int4,YES,null,null,32,0
public,author_medal_totals,3,silver,integer,int4,YES,null,null,32,0
public,author_medal_totals,4,gold,integer,int4,YES,null,null,32,0
public,channels,1,id,smallint,int2,NO,null,null,16,0
public,channels,2,slug,text,text,NO,null,null,null,null
public,channels,3,name_he,text,text,NO,null,null,null,null
public,channels,4,sort_order,smallint,int2,NO,0,null,16,0
public,channels,5,created_at,timestamp with time zone,timestamptz,NO,now(),null,null,null
public,comment_like_summary,1,comment_id,uuid,uuid,YES,null,null,null,null
public,comment_like_summary,2,likes_count,integer,int4,YES,null,null,32,0
public,comment_likes,1,comment_id,uuid,uuid,NO,null,null,null,null
public,comment_likes,2,user_id,uuid,uuid,NO,null,null,null,null
public,comment_likes,3,created_at,timestamp with time zone,timestamptz,NO,now(),null,null,null
public,comments,1,id,uuid,uuid,NO,gen_random_uuid(),null,null,null
public,comments,2,post_id,uuid,uuid,NO,null,null,null,null
public,comments,3,author_id,uuid,uuid,NO,auth.uid(),null,null,null
public,comments,4,content,text,text,NO,null,null,null,null
public,comments,5,created_at,timestamp with time zone,timestamptz,NO,now(),null,null,null
public,comments,6,updated_at,timestamp with time zone,timestamptz,YES,null,null,null,null
public,comments,7,parent_comment_id,uuid,uuid,YES,null,null,null,null
public,community_notes,1,id,uuid,uuid,NO,gen_random_uuid(),null,null,null
public,community_notes,2,user_id,uuid,uuid,NO,null,null,null,null
public,community_notes,3,body,text,text,NO,null,null,null,null
public,community_notes,4,created_at,timestamp with time zone,timestamptz,NO,now(),null,null,null
public,community_notes,5,updated_at,timestamp with time zone,timestamptz,NO,now(),null,null,null
public,community_notes_feed,1,id,uuid,uuid,YES,null,null,null,null
public,community_notes_feed,2,user_id,uuid,uuid,YES,null,null,null,null
public,community_notes_feed,3,body,text,text,YES,null,null,null,null
public,community_notes_feed,4,created_at,timestamp with time zone,timestamptz,YES,null,null,null,null
public,community_notes_feed,5,updated_at,timestamp with time zone,timestamptz,YES,null,null,null,null
public,community_notes_feed,6,username,text,text,YES,null,null,null,null
public,community_notes_feed,7,display_name,text,text,YES,null,null,null,null
public,community_notes_feed,8,avatar_url,text,text,YES,null,null,null,null
public,community_notes_moderation_log,1,id,uuid,uuid,NO,gen_random_uuid(),null,null,null
public,community_notes_moderation_log,2,note_id,uuid,uuid,NO,null,null,null,null
public,community_notes_moderation_log,3,note_user_id,uuid,uuid,NO,null,null,null,null
public,community_notes_moderation_log,4,admin_user_id,uuid,uuid,NO,null,null,null,null
public,community_notes_moderation_log,5,reason,text,text,NO,null,null,null,null
public,community_notes_moderation_log,6,created_at,timestamp with time zone,timestamptz,NO,now(),null,null,null
public,contact_messages,1,id,uuid,uuid,NO,gen_random_uuid(),null,null,null
public,contact_messages,2,user_id,uuid,uuid,YES,null,null,null,null
public,contact_messages,3,email,text,text,YES,null,null,null,null
public,contact_messages,4,subject,text,text,NO,null,null,null,null
public,contact_messages,5,message,text,text,NO,null,null,null,null
public,contact_messages,6,created_at,timestamp with time zone,timestamptz,NO,now(),null,null,null
public,contact_messages,7,status,text,text,NO,'open'::text,null,null,null
public,contact_messages,8,resolved_at,timestamp with time zone,timestamptz,YES,null,null,null,null
public,contact_messages,9,resolved_by,uuid,uuid,YES,null,null,null,null
public,conversation_members,1,conversation_id,uuid,uuid,NO,null,null,null,null
public,conversation_members,2,user_id,uuid,uuid,NO,null,null,null,null
public,conversation_members,3,last_read_at,timestamp with time zone,timestamptz,YES,null,null,null,null
public,conversation_members,4,created_at,timestamp with time zone,timestamptz,NO,now(),null,null,null
public,conversations,1,id,uuid,uuid,NO,gen_random_uuid(),null,null,null
public,conversations,2,created_at,timestamp with time zone,timestamptz,NO,now(),null,null,null
public,formats,1,id,smallint,int2,NO,null,null,16,0
public,formats,2,channel_id,smallint,int2,NO,null,null,16,0
public,formats,3,slug,text,text,NO,null,null,null,null
public,formats,4,name_he,text,text,NO,null,null,null,null
public,formats,5,sort_order,smallint,int2,NO,0,null,16,0
public,formats,6,created_at,timestamp with time zone,timestamptz,NO,now(),null,null,null
public,inbox_threads,1,conversation_id,uuid,uuid,YES,null,null,null,null
public,inbox_threads,2,other_user_id,uuid,uuid,YES,null,null,null,null
public,inbox_threads,3,other_username,text,text,YES,null,null,null,null
public,inbox_threads,4,other_display_name,text,text,YES,null,null,null,null
public,inbox_threads,5,other_avatar_url,text,text,YES,null,null,null,null
public,inbox_threads,6,last_body,text,text,YES,null,null,null,null
public,inbox_threads,7,last_created_at,timestamp with time zone,timestamptz,YES,null,null,null,null
public,inbox_threads,8,unread_count,integer,int4,YES,null,null,32,0
public,messages,1,id,uuid,uuid,NO,gen_random_uuid(),null,null,null
public,messages,2,conversation_id,uuid,uuid,NO,null,null,null,null
public,messages,3,sender_id,uuid,uuid,NO,null,null,null,null
public,messages,4,body,text,text,NO,null,null,null,null
public,messages,5,created_at,timestamp with time zone,timestamptz,NO,now(),null,null,null
public,messages,6,read_at,timestamp with time zone,timestamptz,YES,null,null,null,null
public,moderation_actions,1,id,uuid,uuid,NO,gen_random_uuid(),null,null,null
public,moderation_actions,2,actor_id,uuid,uuid,NO,null,null,null,null
public,moderation_actions,3,target_user_id,uuid,uuid,YES,null,null,null,null
public,moderation_actions,4,post_id,uuid,uuid,YES,null,null,null,null
public,moderation_actions,5,action,text,text,NO,null,null,null,null
public,moderation_actions,6,reason,text,text,YES,null,null,null,null
public,moderation_actions,7,created_at,timestamp with time zone,timestamptz,NO,now(),null,null,null
public,notifications,1,id,uuid,uuid,NO,gen_random_uuid(),null,null,null
public,notifications,2,user_id,uuid,uuid,NO,null,null,null,null
public,notifications,3,actor_id,uuid,uuid,YES,null,null,null,null
public,notifications,4,type,text,text,NO,null,null,null,null
public,notifications,5,entity_type,text,text,YES,null,null,null,null
public,notifications,6,entity_id,uuid,uuid,YES,null,null,null,null
public,notifications,7,payload,jsonb,jsonb,NO,'{}'::jsonb,null,null,null
public,notifications,8,is_read,boolean,bool,NO,false,null,null,null
public,notifications,9,created_at,timestamp with time zone,timestamptz,NO,now(),null,null,null
public,notifications,10,read_at,timestamp with time zone,timestamptz,YES,null,null,null,null
public,post_bookmarks,1,user_id,uuid,uuid,NO,null,null,null,null
public,post_bookmarks,2,post_id,uuid,uuid,NO,null,null,null,null
public,post_bookmarks,3,created_at,timestamp with time zone,timestamptz,NO,now(),null,null,null
public,post_engagement_posts,1,post_id,uuid,uuid,YES,null,null,null,null
public,post_engagement_posts,2,title,text,text,YES,null,null,null,null
public,post_engagement_posts,3,excerpt,text,text,YES,null,null,null,null
public,post_engagement_posts,4,slug,text,text,YES,null,null,null,null
public,post_engagement_posts,5,channel_id,smallint,int2,YES,null,null,16,0
public,post_engagement_posts,6,author_id,uuid,uuid,YES,null,null,null,null
public,post_engagement_posts,7,subcategory_tag_id,integer,int4,YES,null,null,32,0
public,post_engagement_posts,8,status,text,text,YES,null,null,null,null
public,post_engagement_posts,9,created_at,timestamp with time zone,timestamptz,YES,null,null,null,null
public,post_engagement_posts,10,published_at,timestamp with time zone,timestamptz,YES,null,null,null,null
public,post_engagement_posts,11,cover_image_url,text,text,YES,null,null,null,null
public,post_engagement_posts,12,comments_count,integer,int4,YES,null,null,32,0
public,post_engagement_posts,13,reactions_count,integer,int4,YES,null,null,32,0
public,post_engagement_posts,14,medals_count,integer,int4,YES,null,null,32,0
public,post_engagement_summary,1,post_id,uuid,uuid,YES,null,null,null,null
public,post_engagement_summary,2,comments_count,integer,int4,YES,null,null,32,0
public,post_engagement_summary,3,reactions_count,integer,int4,YES,null,null,32,0
public,post_engagement_summary,4,gold,integer,int4,YES,null,null,32,0
public,post_engagement_summary,5,silver,integer,int4,YES,null,null,32,0
public,post_engagement_summary,6,bronze,integer,int4,YES,null,null,32,0
public,post_engagement_summary,7,medals_score,integer,int4,YES,null,null,32,0
public,post_medals_all_time,1,post_id,uuid,uuid,YES,null,null,null,null
public,post_medals_all_time,2,gold,integer,int4,YES,null,null,32,0
public,post_medals_all_time,3,silver,integer,int4,YES,null,null,32,0
public,post_medals_all_time,4,bronze,integer,int4,YES,null,null,32,0
public,post_medals_all_time,5,votes_total,integer,int4,YES,null,null,32,0
public,post_reaction_summary,1,post_id,uuid,uuid,YES,null,null,null,null
public,post_reaction_summary,2,reaction_key,text,text,YES,null,null,null,null
public,post_reaction_summary,3,votes,integer,int4,YES,null,null,32,0
public,post_reaction_summary,4,bronze,integer,int4,YES,null,null,32,0
public,post_reaction_summary,5,silver,integer,int4,YES,null,null,32,0
public,post_reaction_summary,6,gold,integer,int4,YES,null,null,32,0
public,post_reaction_votes,1,id,bigint,int8,NO,nextval('post_reaction_votes_id_seq'::regclass),null,64,0
public,post_reaction_votes,2,post_id,uuid,uuid,NO,null,null,null,null
public,post_reaction_votes,3,voter_id,uuid,uuid,NO,null,null,null,null
public,post_reaction_votes,4,reaction_key,text,text,NO,null,null,null,null
public,post_reaction_votes,5,created_at,timestamp with time zone,timestamptz,NO,now(),null,null,null
public,post_tags,1,post_id,uuid,uuid,NO,null,null,null,null
public,post_tags,2,tag_id,integer,int4,NO,null,null,32,0
public,post_tags,3,created_at,timestamp with time zone,timestamptz,NO,now(),null,null,null
public,post_votes,1,post_id,uuid,uuid,NO,null,null,null,null
public,post_votes,2,voter_id,uuid,uuid,NO,null,null,null,null
public,post_votes,3,rating,USER-DEFINED,rating_key,NO,null,null,null,null
public,post_votes,4,created_at,timestamp with time zone,timestamptz,NO,now(),null,null,null
public,posts,1,id,uuid,uuid,NO,uuid_generate_v4(),null,null,null
public,posts,2,author_id,uuid,uuid,NO,null,null,null,null
public,posts,3,channel_id,smallint,int2,NO,null,null,16,0
public,posts,4,format_id,smallint,int2,YES,null,null,16,0
public,posts,5,title,text,text,NO,null,null,null,null
public,posts,6,slug,text,text,NO,null,null,null,null
public,posts,7,content_json,jsonb,jsonb,NO,null,null,null,null
public,posts,8,excerpt,text,text,YES,null,null,null,null
public,posts,9,status,text,text,NO,'published'::text,null,null,null
public,posts,10,published_at,timestamp with time zone,timestamptz,YES,null,null,null,null
public,posts,11,created_at,timestamp with time zone,timestamptz,NO,now(),null,null,null
public,posts,12,updated_at,timestamp with time zone,timestamptz,NO,now(),null,null,null
public,posts,13,cover_image_url,text,text,YES,null,null,null,null
public,posts,14,cover_source,text,text,YES,null,null,null,null
public,posts,15,cover_meta,jsonb,jsonb,YES,null,null,null,null
public,posts,16,is_anonymous,boolean,bool,NO,false,null,null,null
public,posts,17,subcategory_tag_id,integer,int4,YES,null,null,32,0
public,posts,18,deleted_at,timestamp with time zone,timestamptz,YES,null,null,null,null
public,posts,19,deleted_by,uuid,uuid,YES,null,null,null,null
public,posts,20,deleted_reason,text,text,YES,null,null,null,null
public,posts,21,moderated_at,timestamp with time zone,timestamptz,YES,null,null,null,null
public,posts,22,moderated_by,uuid,uuid,YES,null,null,null,null
public,posts,23,moderated_reason,text,text,YES,null,null,null,null
public,posts,24,prev_status,text,text,YES,null,null,null,null
public,posts,25,prev_published_at,timestamp with time zone,timestamptz,YES,null,null,null,null
public,posts_feed_stats,1,post_id,uuid,uuid,YES,null,null,null,null
public,posts_feed_stats,2,comments_count_all,bigint,int8,YES,null,null,64,0
public,posts_feed_stats,3,votes_all,bigint,int8,YES,null,null,64,0
public,posts_feed_stats,4,votes_7d,bigint,int8,YES,null,null,64,0
public,posts_with_counts,1,id,uuid,uuid,YES,null,null,null,null
public,posts_with_counts,2,author_id,uuid,uuid,YES,null,null,null,null
public,posts_with_counts,3,channel_id,smallint,int2,YES,null,null,16,0
public,posts_with_counts,4,format_id,smallint,int2,YES,null,null,16,0
public,posts_with_counts,5,title,text,text,YES,null,null,null,null
public,posts_with_counts,6,slug,text,text,YES,null,null,null,null
public,posts_with_counts,7,content_json,jsonb,jsonb,YES,null,null,null,null
public,posts_with_counts,8,excerpt,text,text,YES,null,null,null,null
public,posts_with_counts,9,status,text,text,YES,null,null,null,null
public,posts_with_counts,10,published_at,timestamp with time zone,timestamptz,YES,null,null,null,null
public,posts_with_counts,11,created_at,timestamp with time zone,timestamptz,YES,null,null,null,null
public,posts_with_counts,12,updated_at,timestamp with time zone,timestamptz,YES,null,null,null,null
public,posts_with_counts,13,cover_image_url,text,text,YES,null,null,null,null
public,posts_with_counts,14,cover_source,text,text,YES,null,null,null,null
public,posts_with_counts,15,cover_meta,jsonb,jsonb,YES,null,null,null,null
public,posts_with_counts,16,is_anonymous,boolean,bool,YES,null,null,null,null
public,posts_with_counts,17,subcategory_tag_id,integer,int4,YES,null,null,32,0
public,posts_with_counts,18,comments_count,bigint,int8,YES,null,null,64,0
public,posts_with_counts,19,reactions_count,bigint,int8,YES,null,null,64,0
public,profile_follow_counts,1,profile_id,uuid,uuid,YES,null,null,null,null
public,profile_follow_counts,2,username,text,text,YES,null,null,null,null
public,profile_follow_counts,3,display_name,text,text,YES,null,null,null,null
public,profile_follow_counts,4,avatar_url,text,text,YES,null,null,null,null
public,profile_follow_counts,5,followers_count,integer,int4,YES,null,null,32,0
public,profile_follow_counts,6,following_count,integer,int4,YES,null,null,32,0
public,profile_medals_all_time,1,profile_id,uuid,uuid,YES,null,null,null,null
public,profile_medals_all_time,2,gold,integer,int4,YES,null,null,32,0
public,profile_medals_all_time,3,silver,integer,int4,YES,null,null,32,0
public,profile_medals_all_time,4,bronze,integer,int4,YES,null,null,32,0
public,profile_medals_all_time,5,votes_total,integer,int4,YES,null,null,32,0
public,profile_reaction_totals,1,profile_id,uuid,uuid,YES,null,null,null,null
public,profile_reaction_totals,2,reaction_key,text,text,YES,null,null,null,null
public,profile_reaction_totals,3,total_votes,integer,int4,YES,null,null,32,0
public,profile_reaction_totals_labeled,1,profile_id,uuid,uuid,YES,null,null,null,null
public,profile_reaction_totals_labeled,2,reaction_key,text,text,YES,null,null,null,null
public,profile_reaction_totals_labeled,3,label_he,text,text,YES,null,null,null,null
public,profile_reaction_totals_labeled,4,total_votes,integer,int4,YES,null,null,32,0
public,profile_reaction_totals_labeled,5,sort_order,integer,int4,YES,null,null,32,0
public,profiles,1,id,uuid,uuid,NO,null,null,null,null
public,profiles,2,username,text,text,NO,null,null,null,null
public,profiles,3,bio,text,text,YES,null,null,null,null
public,profiles,4,avatar_url,text,text,YES,null,null,null,null
public,profiles,5,created_at,timestamp with time zone,timestamptz,YES,now(),null,null,null
public,profiles,6,display_name,text,text,YES,null,null,null,null
public,profiles,7,is_anonymous,boolean,bool,YES,false,null,null,null
public,profiles,8,birthdate,date,date,YES,null,null,null,null
public,profiles,9,show_online_status,boolean,bool,NO,true,null,null,null
public,profiles,10,personal_is_shared,boolean,bool,NO,false,null,null,null
public,profiles,11,personal_about,text,text,YES,null,null,null,null
public,profiles,12,personal_age,smallint,int2,YES,null,null,16,0
public,profiles,13,personal_occupation,text,text,YES,null,null,null,null
public,profiles,14,personal_writing_about,text,text,YES,null,null,null,null
public,profiles,15,personal_books,text,text,YES,null,null,null,null
public,profiles,16,personal_favorite_category,text,text,YES,null,null,null,null
public,profiles,17,personal_updated_at,timestamp with time zone,timestamptz,YES,null,null,null,null
public,reactions,1,key,text,text,NO,null,null,null,null
public,reactions,2,label_he,text,text,NO,null,null,null,null
public,reactions,3,channel_id,integer,int4,YES,null,null,32,0
public,reactions,4,sort_order,integer,int4,NO,0,null,32,0
public,reactions,5,is_active,boolean,bool,NO,true,null,null,null
public,reports,1,id,uuid,uuid,YES,null,null,null,null
public,reports,2,reporter_id,uuid,uuid,YES,null,null,null,null
public,reports,3,reported_user_id,uuid,uuid,YES,null,null,null,null
public,reports,4,conversation_id,uuid,uuid,YES,null,null,null,null
public,reports,5,message_id,uuid,uuid,YES,null,null,null,null
public,reports,6,category,text,text,YES,null,null,null,null
public,reports,7,details,text,text,YES,null,null,null,null
public,reports,8,created_at,timestamp with time zone,timestamptz,YES,null,null,null,null
public,reports,9,message_created_at,timestamp with time zone,timestamptz,YES,null,null,null,null
public,reports,10,message_excerpt,text,text,YES,null,null,null,null
public,reports,11,status,text,text,YES,null,null,null,null
public,reports,12,resolved_at,timestamp with time zone,timestamptz,YES,null,null,null,null
public,reports,13,resolved_by,uuid,uuid,YES,null,null,null,null
public,reports_old,1,id,uuid,uuid,NO,gen_random_uuid(),null,null,null
public,reports_old,2,created_at,timestamp with time zone,timestamptz,NO,now(),null,null,null
public,reports_old,3,category,text,text,NO,null,null,null,null
public,reports_old,4,details,text,text,YES,null,null,null,null
public,reports_old,5,status,text,text,NO,'open'::text,null,null,null
public,reports_old,6,resolved_at,timestamp with time zone,timestamptz,YES,null,null,null,null
public,reports_old,7,resolved_by,uuid,uuid,YES,null,null,null,null
public,reports_old,8,reporter_id,uuid,uuid,NO,null,null,null,null
public,reports_old,9,reported_user_id,uuid,uuid,NO,null,null,null,null
public,reports_old,10,conversation_id,uuid,uuid,YES,null,null,null,null
public,reports_old,11,message_id,uuid,uuid,YES,null,null,null,null
public,reports_old,12,message_created_at,timestamp with time zone,timestamptz,YES,null,null,null,null
public,reports_old,13,message_excerpt,text,text,YES,null,null,null,null
public,tags,1,id,integer,int4,NO,null,null,32,0
public,tags,2,channel_id,smallint,int2,YES,null,null,16,0
public,tags,3,type,USER-DEFINED,tag_type,NO,null,null,null,null
public,tags,4,slug,text,text,NO,null,null,null,null
public,tags,5,name_he,text,text,NO,null,null,null,null
public,tags,6,is_active,boolean,bool,NO,true,null,null,null
public,tags,7,created_at,timestamp with time zone,timestamptz,NO,now(),null,null,null
public,user_follows,1,follower_id,uuid,uuid,NO,null,null,null,null
public,user_follows,2,following_id,uuid,uuid,NO,null,null,null,null
public,user_follows,3,created_at,timestamp with time zone,timestamptz,NO,now(),null,null,null
public,user_moderation,1,user_id,uuid,uuid,NO,null,null,null,null
public,user_moderation,2,is_suspended,boolean,bool,NO,false,null,null,null
public,user_moderation,3,reason,text,text,YES,null,null,null,null
public,user_moderation,4,suspended_at,timestamp with time zone,timestamptz,YES,null,null,null,null
public,user_moderation,5,suspended_by,uuid,uuid,YES,null,null,null,null
public,user_moderation,6,updated_at,timestamp with time zone,timestamptz,NO,now(),null,null,null
public,user_moderation,7,is_banned,boolean,bool,NO,false,null,null,null
public,user_moderation,8,ban_reason,text,text,YES,null,null,null,null
public,user_moderation,9,banned_at,timestamp with time zone,timestamptz,YES,null,null,null,null
public,user_moderation,10,banned_by,uuid,uuid,YES,null,null,null,null
public,user_moderation_events,1,id,uuid,uuid,NO,gen_random_uuid(),null,null,null
public,user_moderation_events,2,user_id,uuid,uuid,NO,null,null,null,null
public,user_moderation_events,3,actor_id,uuid,uuid,YES,null,null,null,null
public,user_moderation_events,4,action,text,text,NO,null,null,null,null
public,user_moderation_events,5,reason,text,text,YES,null,null,null,null
public,user_moderation_events,6,created_at,timestamp with time zone,timestamptz,NO,now(),null,null,null
public,user_profile_stats,1,user_id,uuid,uuid,YES,null,null,null,null
public,user_profile_stats,2,posts_count,integer,int4,YES,null,null,32,0
public,user_profile_stats,3,reactions_received,integer,int4,YES,null,null,32,0
public,user_profile_stats,4,bronze,integer,int4,YES,null,null,32,0
public,user_profile_stats,5,silver,integer,int4,YES,null,null,32,0
public,user_profile_stats,6,gold,integer,int4,YES,null,null,32,0
public,user_recent_activity,1,user_id,uuid,uuid,YES,null,null,null,null
public,user_recent_activity,2,created_at,timestamp with time zone,timestamptz,YES,null,null,null,null
public,user_recent_activity,3,reaction_key,text,text,YES,null,null,null,null
public,user_recent_activity,4,post_slug,text,text,YES,null,null,null,null
public,user_recent_activity,5,post_title,text,text,YES,null,null,null,null
public,user_recent_comments,1,user_id,uuid,uuid,YES,null,null,null,null
public,user_recent_comments,2,created_at,timestamp with time zone,timestamptz,YES,null,null,null,null
public,user_recent_comments,3,content,text,text,YES,null,null,null,null
public,user_recent_comments,4,post_slug,text,text,YES,null,null,null,null
public,user_recent_comments,5,post_title,text,text,YES,null,null,null,null
public,user_reports,1,id,uuid,uuid,NO,gen_random_uuid(),null,null,null
public,user_reports,2,reporter_id,uuid,uuid,NO,null,null,null,null
public,user_reports,3,reported_user_id,uuid,uuid,NO,null,null,null,null
public,user_reports,4,conversation_id,uuid,uuid,YES,null,null,null,null
public,user_reports,5,message_id,uuid,uuid,YES,null,null,null,null
public,user_reports,6,category,text,text,NO,'harassment'::text,null,null,null
public,user_reports,7,details,text,text,YES,null,null,null,null
public,user_reports,8,created_at,timestamp with time zone,timestamptz,NO,now(),null,null,null
public,user_reports,9,message_created_at,timestamp with time zone,timestamptz,YES,null,null,null,null
public,user_reports,10,message_excerpt,text,text,YES,null,null,null,null
public,user_reports,11,status,text,text,NO,'open'::text,null,null,null
public,user_reports,12,resolved_at,timestamp with time zone,timestamptz,YES,null,null,null,null
public,user_reports,13,resolved_by,uuid,uuid,YES,null,null,null,null
realtime,messages,3,topic,text,text,NO,null,null,null,null
realtime,messages,4,extension,text,text,NO,null,null,null,null
realtime,messages,5,payload,jsonb,jsonb,YES,null,null,null,null
realtime,messages,6,event,text,text,YES,null,null,null,null
realtime,messages,7,private,boolean,bool,YES,false,null,null,null
realtime,messages,8,updated_at,timestamp without time zone,timestamp,NO,now(),null,null,null
realtime,messages,9,inserted_at,timestamp without time zone,timestamp,NO,now(),null,null,null
realtime,messages,10,id,uuid,uuid,NO,gen_random_uuid(),null,null,null
realtime,messages_2026_02_08,1,topic,text,text,NO,null,null,null,null
realtime,messages_2026_02_08,2,extension,text,text,NO,null,null,null,null
realtime,messages_2026_02_08,3,payload,jsonb,jsonb,YES,null,null,null,null
realtime,messages_2026_02_08,4,event,text,text,YES,null,null,null,null
realtime,messages_2026_02_08,5,private,boolean,bool,YES,false,null,null,null
realtime,messages_2026_02_08,6,updated_at,timestamp without time zone,timestamp,NO,now(),null,null,null
realtime,messages_2026_02_08,7,inserted_at,timestamp without time zone,timestamp,NO,now(),null,null,null
realtime,messages_2026_02_08,8,id,uuid,uuid,NO,gen_random_uuid(),null,null,null
realtime,messages_2026_02_09,1,topic,text,text,NO,null,null,null,null
realtime,messages_2026_02_09,2,extension,text,text,NO,null,null,null,null
realtime,messages_2026_02_09,3,payload,jsonb,jsonb,YES,null,null,null,null
realtime,messages_2026_02_09,4,event,text,text,YES,null,null,null,null
realtime,messages_2026_02_09,5,private,boolean,bool,YES,false,null,null,null
realtime,messages_2026_02_09,6,updated_at,timestamp without time zone,timestamp,NO,now(),null,null,null
realtime,messages_2026_02_09,7,inserted_at,timestamp without time zone,timestamp,NO,now(),null,null,null
realtime,messages_2026_02_09,8,id,uuid,uuid,NO,gen_random_uuid(),null,null,null
realtime,messages_2026_02_10,1,topic,text,text,NO,null,null,null,null
realtime,messages_2026_02_10,2,extension,text,text,NO,null,null,null,null
realtime,messages_2026_02_10,3,payload,jsonb,jsonb,YES,null,null,null,null
realtime,messages_2026_02_10,4,event,text,text,YES,null,null,null,null
realtime,messages_2026_02_10,5,private,boolean,bool,YES,false,null,null,null
realtime,messages_2026_02_10,6,updated_at,timestamp without time zone,timestamp,NO,now(),null,null,null
realtime,messages_2026_02_10,7,inserted_at,timestamp without time zone,timestamp,NO,now(),null,null,null
realtime,messages_2026_02_10,8,id,uuid,uuid,NO,gen_random_uuid(),null,null,null
realtime,messages_2026_02_11,1,topic,text,text,NO,null,null,null,null
realtime,messages_2026_02_11,2,extension,text,text,NO,null,null,null,null
realtime,messages_2026_02_11,3,payload,jsonb,jsonb,YES,null,null,null,null
realtime,messages_2026_02_11,4,event,text,text,YES,null,null,null,null
realtime,messages_2026_02_11,5,private,boolean,bool,YES,false,null,null,null
realtime,messages_2026_02_11,6,updated_at,timestamp without time zone,timestamp,NO,now(),null,null,null
realtime,messages_2026_02_11,7,inserted_at,timestamp without time zone,timestamp,NO,now(),null,null,null
realtime,messages_2026_02_11,8,id,uuid,uuid,NO,gen_random_uuid(),null,null,null
realtime,messages_2026_02_12,1,topic,text,text,NO,null,null,null,null
realtime,messages_2026_02_12,2,extension,text,text,NO,null,null,null,null
realtime,messages_2026_02_12,3,payload,jsonb,jsonb,YES,null,null,null,null
realtime,messages_2026_02_12,4,event,text,text,YES,null,null,null,null
realtime,messages_2026_02_12,5,private,boolean,bool,YES,false,null,null,null
realtime,messages_2026_02_12,6,updated_at,timestamp without time zone,timestamp,NO,now(),null,null,null
realtime,messages_2026_02_12,7,inserted_at,timestamp without time zone,timestamp,NO,now(),null,null,null
realtime,messages_2026_02_12,8,id,uuid,uuid,NO,gen_random_uuid(),null,null,null
realtime,messages_2026_02_13,1,topic,text,text,NO,null,null,null,null
realtime,messages_2026_02_13,2,extension,text,text,NO,null,null,null,null
realtime,messages_2026_02_13,3,payload,jsonb,jsonb,YES,null,null,null,null
realtime,messages_2026_02_13,4,event,text,text,YES,null,null,null,null
realtime,messages_2026_02_13,5,private,boolean,bool,YES,false,null,null,null
realtime,messages_2026_02_13,6,updated_at,timestamp without time zone,timestamp,NO,now(),null,null,null
realtime,messages_2026_02_13,7,inserted_at,timestamp without time zone,timestamp,NO,now(),null,null,null
realtime,messages_2026_02_13,8,id,uuid,uuid,NO,gen_random_uuid(),null,null,null
realtime,messages_2026_02_14,1,topic,text,text,NO,null,null,null,null
realtime,messages_2026_02_14,2,extension,text,text,NO,null,null,null,null
realtime,messages_2026_02_14,3,payload,jsonb,jsonb,YES,null,null,null,null
realtime,messages_2026_02_14,4,event,text,text,YES,null,null,null,null
realtime,messages_2026_02_14,5,private,boolean,bool,YES,false,null,null,null
realtime,messages_2026_02_14,6,updated_at,timestamp without time zone,timestamp,NO,now(),null,null,null
realtime,messages_2026_02_14,7,inserted_at,timestamp without time zone,timestamp,NO,now(),null,null,null
realtime,messages_2026_02_14,8,id,uuid,uuid,NO,gen_random_uuid(),null,null,null
realtime,schema_migrations,1,version,bigint,int8,NO,null,null,64,0
realtime,schema_migrations,2,inserted_at,timestamp without time zone,timestamp,YES,null,null,null,null
realtime,subscription,1,id,bigint,int8,NO,null,null,64,0
realtime,subscription,2,subscription_id,uuid,uuid,NO,null,null,null,null
realtime,subscription,4,entity,regclass,regclass,NO,null,null,null,null
realtime,subscription,5,filters,ARRAY,_user_defined_filter,NO,'{}'::realtime.user_defined_filter[],null,null,null
realtime,subscription,7,claims,jsonb,jsonb,NO,null,null,null,null
realtime,subscription,8,claims_role,regrole,regrole,NO,null,null,null,null
realtime,subscription,9,created_at,timestamp without time zone,timestamp,NO,"timezone('utc'::text, now())",null,null,null
realtime,subscription,10,action_filter,text,text,YES,'*'::text,null,null,null
storage,buckets,1,id,text,text,NO,null,null,null,null
storage,buckets,2,name,text,text,NO,null,null,null,null
storage,buckets,3,owner,uuid,uuid,YES,null,null,null,null
storage,buckets,4,created_at,timestamp with time zone,timestamptz,YES,now(),null,null,null
storage,buckets,5,updated_at,timestamp with time zone,timestamptz,YES,now(),null,null,null
storage,buckets,6,public,boolean,bool,YES,false,null,null,null
storage,buckets,7,avif_autodetection,boolean,bool,YES,false,null,null,null
storage,buckets,8,file_size_limit,bigint,int8,YES,null,null,64,0
storage,buckets,9,allowed_mime_types,ARRAY,_text,YES,null,null,null,null
storage,buckets,10,owner_id,text,text,YES,null,null,null,null
storage,buckets,11,type,USER-DEFINED,buckettype,NO,'STANDARD'::storage.buckettype,null,null,null
storage,buckets_analytics,1,name,text,text,NO,null,null,null,null
storage,buckets_analytics,2,type,USER-DEFINED,buckettype,NO,'ANALYTICS'::storage.buckettype,null,null,null
storage,buckets_analytics,3,format,text,text,NO,'ICEBERG'::text,null,null,null
storage,buckets_analytics,4,created_at,timestamp with time zone,timestamptz,NO,now(),null,null,null
storage,buckets_analytics,5,updated_at,timestamp with time zone,timestamptz,NO,now(),null,null,null
storage,buckets_analytics,6,id,uuid,uuid,NO,gen_random_uuid(),null,null,null
storage,buckets_analytics,7,deleted_at,timestamp with time zone,timestamptz,YES,null,null,null,null
storage,buckets_vectors,1,id,text,text,NO,null,null,null,null
storage,buckets_vectors,2,type,USER-DEFINED,buckettype,NO,'VECTOR'::storage.buckettype,null,null,null
storage,buckets_vectors,3,created_at,timestamp with time zone,timestamptz,NO,now(),null,null,null
storage,buckets_vectors,4,updated_at,timestamp with time zone,timestamptz,NO,now(),null,null,null
storage,migrations,1,id,integer,int4,NO,null,null,32,0
storage,migrations,2,name,character varying,varchar,NO,null,100,null,null
storage,migrations,3,hash,character varying,varchar,NO,null,40,null,null
storage,migrations,4,executed_at,timestamp without time zone,timestamp,YES,CURRENT_TIMESTAMP,null,null,null
storage,objects,1,id,uuid,uuid,NO,gen_random_uuid(),null,null,null
storage,objects,2,bucket_id,text,text,YES,null,null,null,null
storage,objects,3,name,text,text,YES,null,null,null,null
storage,objects,4,owner,uuid,uuid,YES,null,null,null,null
storage,objects,5,created_at,timestamp with time zone,timestamptz,YES,now(),null,null,null
storage,objects,6,updated_at,timestamp with time zone,timestamptz,YES,now(),null,null,null
storage,objects,7,last_accessed_at,timestamp with time zone,timestamptz,YES,now(),null,null,null
storage,objects,8,metadata,jsonb,jsonb,YES,null,null,null,null
storage,objects,9,path_tokens,ARRAY,_text,YES,null,null,null,null
storage,objects,10,version,text,text,YES,null,null,null,null
storage,objects,11,owner_id,text,text,YES,null,null,null,null
storage,objects,12,user_metadata,jsonb,jsonb,YES,null,null,null,null
storage,s3_multipart_uploads,1,id,text,text,NO,null,null,null,null
storage,s3_multipart_uploads,2,in_progress_size,bigint,int8,NO,0,null,64,0
storage,s3_multipart_uploads,3,upload_signature,text,text,NO,null,null,null,null
storage,s3_multipart_uploads,4,bucket_id,text,text,NO,null,null,null,null
storage,s3_multipart_uploads,5,key,text,text,NO,null,null,null,null
storage,s3_multipart_uploads,6,version,text,text,NO,null,null,null,null
storage,s3_multipart_uploads,7,owner_id,text,text,YES,null,null,null,null
storage,s3_multipart_uploads,8,created_at,timestamp with time zone,timestamptz,NO,now(),null,null,null
storage,s3_multipart_uploads,9,user_metadata,jsonb,jsonb,YES,null,null,null,null
storage,s3_multipart_uploads_parts,1,id,uuid,uuid,NO,gen_random_uuid(),null,null,null
storage,s3_multipart_uploads_parts,2,upload_id,text,text,NO,null,null,null,null
storage,s3_multipart_uploads_parts,3,size,bigint,int8,NO,0,null,64,0
storage,s3_multipart_uploads_parts,4,part_number,integer,int4,NO,null,null,32,0
storage,s3_multipart_uploads_parts,5,bucket_id,text,text,NO,null,null,null,null
storage,s3_multipart_uploads_parts,6,key,text,text,NO,null,null,null,null
storage,s3_multipart_uploads_parts,7,etag,text,text,NO,null,null,null,null
storage,s3_multipart_uploads_parts,8,owner_id,text,text,YES,null,null,null,null
storage,s3_multipart_uploads_parts,9,version,text,text,NO,null,null,null,null
storage,s3_multipart_uploads_parts,10,created_at,timestamp with time zone,timestamptz,NO,now(),null,null,null
storage,vector_indexes,1,id,text,text,NO,gen_random_uuid(),null,null,null
storage,vector_indexes,2,name,text,text,NO,null,null,null,null
storage,vector_indexes,3,bucket_id,text,text,NO,null,null,null,null
storage,vector_indexes,4,data_type,text,text,NO,null,null,null,null
storage,vector_indexes,5,dimension,integer,int4,NO,null,null,32,0
storage,vector_indexes,6,distance_metric,text,text,NO,null,null,null,null
storage,vector_indexes,7,metadata_configuration,jsonb,jsonb,YES,null,null,null,null
storage,vector_indexes,8,created_at,timestamp with time zone,timestamptz,NO,now(),null,null,null
storage,vector_indexes,9,updated_at,timestamp with time zone,timestamptz,NO,now(),null,null,null
supabase_functions,hooks,1,id,bigint,int8,NO,nextval('supabase_functions.hooks_id_seq'::regclass),null,64,0
supabase_functions,hooks,2,hook_table_id,integer,int4,NO,null,null,32,0
supabase_functions,hooks,3,hook_name,text,text,NO,null,null,null,null
supabase_functions,hooks,4,created_at,timestamp with time zone,timestamptz,NO,now(),null,null,null
supabase_functions,hooks,5,request_id,bigint,int8,YES,null,null,64,0
supabase_functions,migrations,1,version,text,text,NO,null,null,null,null
supabase_functions,migrations,2,inserted_at,timestamp with time zone,timestamptz,NO,now(),null,null,null
vault,decrypted_secrets,1,id,uuid,uuid,YES,null,null,null,null
vault,decrypted_secrets,2,name,text,text,YES,null,null,null,null
vault,decrypted_secrets,3,description,text,text,YES,null,null,null,null
vault,decrypted_secrets,4,secret,text,text,YES,null,null,null,null
vault,decrypted_secrets,5,decrypted_secret,text,text,YES,null,null,null,null
vault,decrypted_secrets,6,key_id,uuid,uuid,YES,null,null,null,null
vault,decrypted_secrets,7,nonce,bytea,bytea,YES,null,null,null,null
vault,decrypted_secrets,8,created_at,timestamp with time zone,timestamptz,YES,null,null,null,null
vault,decrypted_secrets,9,updated_at,timestamp with time zone,timestamptz,YES,null,null,null,null
vault,secrets,1,id,uuid,uuid,NO,gen_random_uuid(),null,null,null
vault,secrets,2,name,text,text,YES,null,null,null,null
vault,secrets,3,description,text,text,NO,''::text,null,null,null
vault,secrets,4,secret,text,text,NO,null,null,null,null
vault,secrets,5,key_id,uuid,uuid,YES,null,null,null,null
vault,secrets,6,nonce,bytea,bytea,YES,vault._crypto_aead_det_noncegen(),null,null,null
vault,secrets,7,created_at,timestamp with time zone,timestamptz,NO,CURRENT_TIMESTAMP,null,null,null
vault,secrets,8,updated_at,timestamp with time zone,timestamptz,NO,CURRENT_TIMESTAMP,null,null,null